name,price
A Light in the Attic,¥455.96
Tipping the Velvet,¥473.32
Soumission,¥441.26
Sharp Objects,¥421.17
Sapiens: A Brief History of Humankind,¥477.63
The Requiem Red,¥199.49
The Dirty Little Secrets of Getting Your Dream Job,¥293.64
"The Coming Woman: A Novel Based on the Life of the Infamous Feminist, Victoria Woodhull",¥157.92
The Boys in the Boat: Nine Americans and Their Epic Quest for Gold at the 1936 Berlin Olympics,¥199.05
The Black Maria,¥459.31
"Starving Hearts (Triangular Trade Trilogy, #1)",¥123.22
Shakespeare's Sonnets,¥181.96
Set Me Free,¥153.78
Scott Pilgrim's Precious Little Life (Scott Pilgrim #1),¥460.54
Rip it Up and Start Again,¥308.44
"Our Band Could Be Your Life: Scenes from the American Indie Underground, 1981-1991",¥504.23
Olio,¥210.32
Mesaerion: The Best Science Fiction Stories 1800-1849,¥331.07
Libertarianism for Beginners,¥452.09
It's Only the Himalayas,¥397.83
In Her Wake,¥113.09
How Music Works,¥328.70
"Foolproof Preserving: A Guide to Small Batch Jams, Jellies, Pickles, Condiments, and More: A Foolproof Guide to Making Small Batch Jams, Jellies, Pickles, Condiments, and More",¥268.80
Chase Me (Paris Nights #2),¥222.57
Black Dust,¥304.12
Birdsong: A Story in Pictures,¥481.24
America's Cradle of Quarterbacks: Western Pennsylvania's Football Factory from Johnny Unitas to Joe Montana,¥198.17
Aladdin and His Wonderful Lamp,¥467.94
Worlds Elsewhere: Journeys Around Shakespeare’s Globe,¥354.94
Wall and Piece,¥389.12
The Four Agreements: A Practical Guide to Personal Freedom,¥155.54
The Five Love Languages: How to Express Heartfelt Commitment to Your Mate,¥273.47
The Elephant Tree,¥209.79
The Bear and the Piano,¥324.91
Sophie's World,¥140.39
Penny Maybe,¥293.20
Maude (1883-1993):She Grew Up with the country,¥158.71
"In a Dark, Dark Wood",¥172.89
Behind Closed Doors,¥459.93
You can't bury them all: Poems,¥296.20
Slow States of Collapse: Poems,¥504.76
Reasons to Stay Alive,¥232.61
Private Paris (Private #10),¥419.33
#HigherSelfie: Wake Up Your Life. Free Your Soul. Find Your Tribe.,¥203.54
Without Borders (Wanderlove #1),¥396.95
When We Collided,¥279.81
"We Love You, Charlie Freeman",¥442.75
Untitled Collection: Sabbath Poems 2014,¥125.68
"Unseen City: The Majesty of Pigeons, the Discreet Charm of Snails & Other Wonders of the Urban Wilderness",¥389.12
Unicorn Tracks,¥165.40
"Unbound: How Eight Technologies Made Us Human, Transformed Society, and Brought Our World to the Brink",¥224.77
Tsubasa: WoRLD CHRoNiCLE 2 (Tsubasa WoRLD CHRoNiCLE #2),¥143.39
Throwing Rocks at the Google Bus: How Growth Became the Enemy of Prosperity,¥274.09
This One Summer,¥171.66
Thirst,¥152.11
The Torch Is Passed: A Harding Family Story,¥168.14
The Secret of Dreadwillow Carse,¥494.36
"The Pioneer Woman Cooks: Dinnertime: Comfort Classics, Freezer Food, 16-Minute Meals, and Other Delicious Ways to Solve Supper!",¥496.83
The Past Never Ends,¥497.62
The Natural History of Us (The Fine Art of Pretending #2),¥398.28
The Nameless City (The Nameless City #1),¥336.09
The Murder That Never Was (Forensic Instincts #5),¥476.57
The Most Perfect Thing: Inside (and Outside) a Bird's Egg,¥378.37
"The Mindfulness and Acceptance Workbook for Anxiety: A Guide to Breaking Free from Anxiety, Phobias, and Worry Using Acceptance and Commitment Therapy",¥210.41
The Life-Changing Magic of Tidying Up: The Japanese Art of Decluttering and Organizing,¥147.70
"The Inefficiency Assassin: Time Management Tactics for Working Smarter, Not Longer",¥181.35
The Gutsy Girl: Escapades for Your Life of Epic Adventure,¥327.02
The Electric Pencil: Drawings from Inside State Hospital No. 3,¥493.75
The Death of Humanity: and the Case for Life,¥511.80
"The Bulletproof Diet: Lose up to a Pound a Day, Reclaim Energy and Focus, Upgrade Your Life",¥432.01
The Art Forger,¥358.99
The Age of Genius: The Seventeenth Century and the Birth of the Modern Mind,¥173.77
The Activist's Tao Te Ching: Ancient Advice for a Modern Revolution,¥283.95
Spark Joy: An Illustrated Master Class on the Art of Organizing and Tidying Up,¥368.42
Soul Reader,¥348.60
Security,¥345.69
"Saga, Volume 6 (Saga (Collected Editions) #6)",¥220.36
"Saga, Volume 5 (Saga (Collected Editions) #5)",¥449.53
Reskilling America: Learning to Labor in the Twenty-First Century,¥174.65
"Rat Queens, Vol. 3: Demons (Rat Queens (Collected Editions) #11-15)",¥443.90
"Princess Jellyfish 2-in-1 Omnibus, Vol. 01 (Princess Jellyfish 2-in-1 Omnibus #1)",¥119.87
Princess Between Worlds (Wide-Awake Princess #5),¥117.49
"Pop Gun War, Volume 1: Gift",¥167.08
"Political Suicide: Missteps, Peccadilloes, Bad Calls, Backroom Hijinx, Sordid Pasts, Rotten Breaks, and Just Plain Dumb Mistakes in the Annals of American Politics",¥319.54
Patience,¥89.48
"Outcast, Vol. 1: A Darkness Surrounds Him (Outcast #1)",¥135.99
orange: The Complete Collection 1 (orange: The Complete Collection #1),¥426.37
Online Marketing for Busy Authors: A Step-By-Step Guide,¥408.23
On a Midnight Clear,¥123.92
Obsidian (Lux #1),¥130.88
My Paris Kitchen: Recipes and Stories,¥293.91
Masks and Shadows,¥496.74
"Mama Tried: Traditional Italian Cooking for the Screwed, Crude, Vegan, and Tattooed",¥123.48
"Lumberjanes, Vol. 2: Friendship to the Max (Lumberjanes #5-8)",¥413.16
"Lumberjanes, Vol. 1: Beware the Kitten Holy (Lumberjanes #1-4)",¥401.71
Lumberjanes Vol. 3: A Terrible Plan (Lumberjanes #9-12),¥175.45
"Layered: Baking, Building, and Styling Spectacular Cakes",¥353.27
Judo: Seven Steps to Black Belt (an Introductory Guide for Beginners),¥474.72
Join,¥314.16
In the Country We Love: My Family Divided,¥193.76
Immunity: How Elie Metchnikoff Changed the Course of Modern Medicine,¥505.20
"I Hate Fairyland, Vol. 1: Madly Ever After (I Hate Fairyland (Compilations) #1-5)",¥256.91
I am a Hero Omnibus Volume 1,¥481.15
How to Be Miserable: 40 Strategies You Already Use,¥405.41
Her Backup Boyfriend (The Sorensen Family #1),¥299.19
"Giant Days, Vol. 2 (Giant Days #5-8)",¥194.73
Forever and Forever: The Courtship of Henry Longfellow and Fanny Appleton,¥261.49
First and First (Five Boroughs #3),¥140.66
Fifty Shades Darker (Fifty Shades #2),¥193.41
Everydata: The Misinformation Hidden in the Little Data You Consume Every Day,¥478.69
"Don't Be a Jerk: And Other Practical Advice from Dogen, Japan's Greatest Zen Master",¥334.42
Danganronpa Volume 1,¥457.90
Crown of Midnight (Throne of Glass #2),¥381.28
"Codename Baboushka, Volume 1: The Conclave of Death",¥323.41
Camp Midnight,¥150.43
Call the Nurse: True Stories of a Country Nurse on a Scottish Isle,¥256.65
Burning,¥253.74
Bossypants,¥435.62
"Bitch Planet, Vol. 1: Extraordinary Machine (Bitch Planet (Collected Editions))",¥333.98
"Avatar: The Last Airbender: Smoke and Shadow, Part 3 (Smoke and Shadow #3)",¥247.40
Algorithms to Live By: The Computer Science of Human Decisions,¥271.36
A World of Flavor: Your Gluten Free Passport,¥378.28
"A Piece of Sky, a Grain of Rice: A Memoir in Four Meditations",¥499.91
A Murder in Time,¥146.56
A Flight of Arrows (The Pathfinders #2),¥489.08
A Fierce and Subtle Poison,¥247.75
A Court of Thorns and Roses (A Court of Thorns and Roses #1),¥461.25
(Un)Qualified: How God Uses Broken People to Do Big Things,¥475.60
You Are What You Love: The Spiritual Power of Habit,¥192.62
"William Shakespeare's Star Wars: Verily, A New Hope (William Shakespeare's Star Wars #4)",¥381.36
Tuesday Nights in 1980,¥185.31
Tracing Numbers on a Train,¥366.39
Throne of Glass (Throne of Glass #1),¥308.88
Thomas Jefferson and the Tripoli Pirates: The Forgotten War That Changed American History,¥525.28
Thirteen Reasons Why,¥464.33
The White Cat and the Monk: A Retelling of the Poem “Pangur Bán”,¥511.54
The Wedding Dress,¥212.44
The Vacationers,¥371.24
The Third Wave: An Entrepreneur’s Vision of the Future,¥111.06
The Stranger,¥153.60
The Shadow Hero (The Shadow Hero),¥291.88
The Secret (The Secret #1),¥241.06
The Regional Office Is Under Attack!,¥452.35
The Psychopath Test: A Journey Through the Madness Industry,¥317.07
The Project,¥93.80
The Power of Now: A Guide to Spiritual Enlightenment,¥383.48
The Omnivore's Dilemma: A Natural History of Four Meals,¥336.53
The Nerdy Nummies Cookbook: Sweet Treats for the Geek in All of Us,¥328.87
The Murder of Roger Ackroyd (Hercule Poirot #4),¥388.41
The Mistake (Off-Campus #2),¥381.28
The Matchmaker's Playbook (Wingmen Inc. #1),¥491.90
The Love and Lemons Cookbook: An Apple-to-Zucchini Celebration of Impromptu Cooking,¥331.16
The Long Shadow of Small Ghosts: Murder and Memory in an American City,¥96.62
The Kite Runner,¥368.33
The House by the Lake,¥325.44
The Glittering Court (The Glittering Court #1),¥390.00
The Girl on the Train,¥484.59
The Genius of Birds,¥151.84
The Emerald Mystery,¥203.89
The Cookies & Cups Cookbook: 125+ sweet & savory recipes reminding you to Always Eat Dessert First,¥363.31
The Bridge to Consciousness: I'm Writing the Bridge Between Science and Our Old and New Beliefs.,¥281.84
The Artist's Way: A Spiritual Path to Higher Creativity,¥339.00
The Art of War,¥293.64
The Argonauts,¥96.27
The 10% Entrepreneur: Live Your Startup Dream Without Quitting Your Day Job,¥242.65
Suddenly in Love (Lake Haven #1),¥493.13
Something More Than This,¥143.03
Soft Apocalypse,¥230.05
So You've Been Publicly Shamed,¥107.72
Shoe Dog: A Memoir by the Creator of NIKE,¥211.29
"Shobu Samurai, Project Aryoku (#3)",¥255.95
Secrets and Lace (Fatal Hearts #1),¥178.53
Scarlett Epstein Hates It Here,¥383.57
Romero and Juliet: A Tragic Tale of Love and Zombies,¥325.35
Redeeming Love,¥180.29
Poses for Artists Volume 1 - Dynamic and Sitting Poses: An Essential Reference for Figure Drawing and the Human Form,¥361.64
Poems That Make Grown Women Cry,¥124.98
"Nightingale, Sing",¥337.15
Night Sky with Exit Wounds,¥361.55
Mrs. Houdini,¥266.43
Modern Romance,¥248.90
Miss Peregrine’s Home for Peculiar Children (Miss Peregrine’s Peculiar Children #1),¥94.77
Louisa: The Extraordinary Life of Mrs. Adams,¥148.41
Little Red,¥118.64
Library of Souls (Miss Peregrine’s Peculiar Children #3),¥427.69
Large Print Heart of the Pride,¥168.66
I Had a Nice Time And Other Lies...: How to find love & sh*t like that,¥505.20
Hollow City (Miss Peregrine’s Peculiar Children #2),¥378.55
Grumbles,¥195.17
Full Moon over Noah’s Ark: An Odyssey to Mount Ararat and Beyond,¥435.35
Frostbite (Vampire Academy #2),¥264.14
Follow You Home,¥188.13
First Steps for New Christians (Print Edition),¥255.42
Finders Keepers (Bill Hodges Trilogy #2),¥471.47
"Fables, Vol. 1: Legends in Exile (Fables #1)",¥366.57
Eureka Trivia 6.0,¥480.80
Drive: The Surprising Truth About What Motivates Us,¥307.82
Done Rubbed Out (Reightman & Bailey #1),¥332.22
Doing It Over (Most Likely To #1),¥313.64
"Deliciously Ella Every Day: Quick and Easy Recipes for Gluten-Free Snacks, Packed Lunches, and Simple Meals",¥371.32
Dark Notes,¥169.02
"Daring Greatly: How the Courage to Be Vulnerable Transforms the Way We Live, Love, Parent, and Lead",¥171.13
Close to You,¥435.62
Chasing Heaven: What Dying Taught Me About Living,¥332.92
Big Magic: Creative Living Beyond Fear,¥271.27
Becoming Wise: An Inquiry into the Mystery and Art of Living,¥241.59
Beauty Restored (Riley Family Legacy Novellas #3),¥97.85
Batman: The Long Halloween (Batman),¥321.47
Batman: The Dark Knight Returns (Batman),¥135.46
Ayumi's Violin,¥136.34
Anonymous,¥412.37
Amy Meets the Saints and Sages,¥162.59
Amid the Chaos,¥322.18
Amatus,¥445.13
Agnostic: A Spirited Manifesto,¥110.18
Zealot: The Life and Times of Jesus of Nazareth,¥217.55
You (You #1),¥384.10
"Wonder Woman: Earth One, Volume One (Wonder Woman: Earth One #1)",¥328.87
Wild Swans,¥126.48
Why the Right Went Wrong: Conservatism--From Goldwater to the Tea Party and Beyond,¥463.71
Whole Lotta Creativity Going On: 60 Fun and Unusual Exercises to Awaken and Strengthen Your Creativity,¥336.45
What's It Like in Space?: Stories from Astronauts Who've Been There,¥172.63
"We Are Robin, Vol. 1: The Vigilante Business (We Are Robin #1)",¥474.72
Walt Disney's Alice in Wonderland,¥114.15
V for Vendetta (V for Vendetta Complete),¥326.76
Until Friday Night (The Field Party #1),¥407.88
"Unbroken: A World War II Story of Survival, Resilience, and Redemption",¥404.70
Twenty Yawns,¥194.47
Through the Woods,¥223.53
This Is Where It Ends,¥238.86
The Year of Magical Thinking,¥379.07
The Wright Brothers,¥500.27
The White Queen (The Cousins' War #1),¥228.20
The Wedding Pact (The O'Malleys #2),¥287.21
The Time Keeper,¥245.55
The Testament of Mary,¥463.89
The Star-Touched Queen,¥405.32
The Songs of the Gods,¥391.76
The Song of Achilles,¥329.40
The Rosie Project (Don Tillman #1),¥475.96
The Power of Habit: Why We Do What We Do in Life and Business,¥148.67
The Marriage of Opposites,¥247.31
The Lucifer Effect: Understanding How Good People Turn Evil,¥91.60
The Long Haul (Diary of a Wimpy Kid #9),¥388.15
The Loney,¥206.10
The Literature Book (Big Ideas Simply Explained),¥153.51
The Last Mile (Amos Decker #2),¥477.45
The Immortal Life of Henrietta Lacks,¥358.20
The Hidden Oracle (The Trials of Apollo #1),¥460.28
The Help Yourself Cookbook for Kids: 60 Easy Plant-Based Recipes Kids Can Make to Stay Healthy and Save the Earth,¥253.39
The Guilty (Will Robie #4),¥121.72
The First Hostage (J.B. Collins #2),¥227.67
The Dovekeepers,¥429.63
The Darkest Lie,¥311.35
The Bane Chronicles (The Bane Chronicles #1-11),¥393.96
The Bad-Ass Librarians of Timbuktu: And Their Race to Save the World’s Most Precious Manuscripts,¥138.89
The 14th Colony (Cotton Malone #11),¥345.61
That Darkness (Gardiner and Renner #1),¥122.60
Tastes Like Fear (DI Marnie Rome #3),¥94.15
Take Me with You,¥398.19
Swell: A Year of Waves,¥401.45
Superman Vol. 1: Before Truth (Superman by Gene Luen Yang #1),¥104.72
Still Life with Bread Crumbs,¥232.61
Steve Jobs,¥347.90
Sorting the Beef from the Bull: The Science of Food Fraud Forensics,¥394.05
Someone Like You (The Harrisons #2),¥464.95
"So Cute It Hurts!!, Vol. 6 (So Cute It Hurts!! #6)",¥312.05
Shtum,¥491.81
See America: A Celebration of Our National Parks & Treasured Sites,¥430.42
salt.,¥412.01
Robin War,¥421.17
"Red Hood/Arsenal, Vol. 1: Open for Business (Red Hood/Arsenal #1)",¥224.42
Rain Fish,¥207.59
"Quarter Life Poetry: Poems for the Young, Broke and Hangry",¥448.21
Pet Sematary,¥93.01
"Overload: How to Unplug, Unwind, and Unleash Yourself from the Pressure of Stress",¥459.31
Once Was a Time,¥161.00
Old School (Diary of a Wimpy Kid #10),¥104.19
No Dream Is Too High: Life Lessons From a Man Who Walked on the Moon,¥193.32
"Naruto (3-in-1 Edition), Vol. 14: Includes Vols. 40, 41 & 42 (Naruto: Omnibus #14)",¥338.12
My Name Is Lucy Barton,¥366.04
My Mrs. Brown,¥215.61
My Kind of Crazy,¥355.47
Mr. Mercedes (Bill Hodges Trilogy #1),¥254.54
More Than Music (Chasing the Dream #1),¥331.25
Made to Stick: Why Some Ideas Survive and Others Die,¥342.17
Luis Paints the World,¥475.16
Luckiest Girl Alive,¥438.88
Lowriders to the Center of the Earth (Lowriders in Space #2),¥453.67
Love Is a Mix Tape (Music #1),¥158.80
Looking for Lovely: Collecting the Moments that Matter,¥256.65
"Living Leadership by Insight: A Good Leader Achieves, a Great Leader Builds Monuments",¥413.16
Let It Out: A Journey Through Journaling,¥235.95
Lady Midnight (The Dark Artifices #1),¥143.39
"It's All Easy: Healthy, Delicious Weeknight Meals in under 30 Minutes",¥172.19
Island of Dragons (Unwanteds #7),¥261.14
I Know What I'm Doing -- and Other Lies I Tell Myself: Dispatches from a Life Under Construction,¥228.82
I Am Pilgrim (Pilgrim #1),¥93.36
"Hyperbole and a Half: Unfortunate Situations, Flawed Coping Mechanisms, Mayhem, and Other Things That Happened",¥129.91
"Hush, Hush (Hush, Hush #1)",¥414.13
Hold Your Breath (Search and Rescue #1),¥253.83
Hamilton: The Revolution,¥517.79
Greek Mythic History,¥90.10
God: The Most Unpleasant Character in All Fiction,¥264.49
Glory over Everything: Beyond The Kitchen House,¥403.74
Feathers: Displays of Brilliant Plumage,¥432.01
"Far & Away: Places on the Brink of Change: Seven Continents, Twenty-Five Years",¥132.64
Every Last Word,¥409.28
Eligible (The Austen Project #4),¥238.60
El Deafo,¥507.49
Eight Hundred Grapes,¥126.74
"Eaternity: More than 150 Deliciously Easy Vegan Recipes for a Long, Healthy, Satisfied, Joyful Life",¥455.79
"Eat Fat, Get Thin",¥476.22
Don't Get Caught,¥487.50
Doctor Sleep (The Shining #2),¥353.36
Demigods & Magicians: Percy and Annabeth Meet the Kanes (Percy Jackson & Kane Chronicles Crossover #1-3),¥330.37
Dear Mr. Knightley,¥98.73
Daily Fantasy Sports,¥322.18
Crazy Love: Overwhelmed by a Relentless God,¥420.29
Cometh the Hour (The Clifton Chronicles #6),¥220.28
Code Name Verity (Code Name Verity #1),¥194.91
Clockwork Angel (The Infernal Devices #1),¥388.76
City of Glass (The Mortal Instruments #3),¥493.40
City of Fallen Angels (The Mortal Instruments #4),¥98.91
City of Bones (The Mortal Instruments #1),¥381.19
City of Ashes (The Mortal Instruments #2),¥416.33
Cell,¥178.70
Catching Jordan (Hundred Oaks),¥447.69
"Carry On, Warrior: Thoughts on Life Unarmed",¥280.52
Carrie,¥407.17
Buying In: The Secret Dialogue Between What We Buy and Who We Are,¥332.92
Brain on Fire: My Month of Madness,¥434.39
Batman: Europa,¥281.93
Barefoot Contessa Back to Basics,¥246.70
Barefoot Contessa at Home: Everyday Recipes You'll Make Over and Over Again,¥445.84
Balloon Animals,¥149.99
Art Ops Vol. 1,¥429.81
Aristotle and Dante Discover the Secrets of the Universe (Aristotle and Dante Discover the Secrets of the Universe #1),¥512.07
Angels Walking (Angels Walking #1),¥301.22
Angels & Demons (Robert Langdon #1),¥453.41
All the Light We Cannot See,¥263.08
"Adulthood Is a Myth: A ""Sarah's Scribbles"" Collection",¥96.00
Abstract City,¥496.48
A Time of Torment (Charlie Parker #14),¥425.84
A Study in Scarlet (Sherlock Holmes #1),¥147.35
"A Series of Catastrophes and Miracles: A True Story of Love, Science, and Cancer",¥497.45
A People's History of the United States,¥359.26
A Man Called Ove,¥349.83
A Distant Mirror: The Calamitous 14th Century,¥128.41
A Brush of Wings (Angels Walking #3),¥488.90
1491: New Revelations of the Americas Before Columbus,¥192.00
"The Three Searches, Meaning, and the Story",¥117.40
Searching for Meaning in Gailana,¥341.11
Rook,¥333.45
My Kitchen Year: 136 Recipes That Saved My Life,¥101.55
13 Hours: The Inside Account of What Really Happened In Benghazi,¥238.33
Will You Won't You Want Me?,¥122.07
Tipping Point for Planet Earth: How Close Are We to the Edge?,¥330.72
The Star-Touched Queen,¥284.48
The Silent Sister (Riley MacPherson #1),¥407.70
The Midnight Watch: A Novel of the Titanic and the Californian,¥230.76
The Lonely City: Adventures in the Art of Being Alone,¥292.94
The Gray Rhino: How to Recognize and Act on the Obvious Dangers We Ignore,¥520.96
The Golden Condom: And Other Essays on Love Lost and Found,¥347.28
The Epidemic (The Program 0.6),¥127.18
The Dinner Party,¥497.98
The Diary of a Young Girl,¥527.57
The Children,¥104.63
Stars Above (The Lunar Chronicles #4.5),¥423.20
Snatched: How A Drug Queen Went Undercover for the DEA and Was Kidnapped By Colombian Guerillas,¥186.81
Raspberry Pi Electronics Projects for the Evil Genius,¥437.47
Quench Your Own Thirst: Business Lessons Learned Over a Beer or Two,¥379.96
Psycho: Sanitarium (Psycho #1.5),¥325.61
Poisonous (Max Revere Novels #3),¥236.04
One with You (Crossfire #5),¥138.37
No Love Allowed (Dodge Cove #1),¥481.33
Murder at the 42nd Street Library (Raymond Ambler #1),¥478.78
Most Wanted,¥310.73
"Love, Lies and Spies",¥180.99
How to Speak Golf: An Illustrated Guide to Links Lingo,¥513.65
Hide Away (Eve Duncan #20),¥104.28
Furiously Happy: A Funny Book About Horrible Things,¥365.16
Everyday Italian: 125 Simple and Delicious Recipes,¥177.03
Equal Is Unfair: America's Misguided Fight Against Income Inequality,¥500.79
Eleanor & Park,¥497.71
Dirty (Dive Bar #1),¥359.61
Can You Keep a Secret? (Fear Street Relaunch #4),¥428.40
Boar Island (Anna Pigeon #19),¥523.87
A Paris Apartment,¥343.58
"A la Mode: 120 Recipes in 60 Pairings: Pies, Tarts, Cakes, Crisps, and More Topped with Ice Cream, Gelato, Frozen Custard, and More",¥341.47
Troublemaker: Surviving Hollywood and Scientology,¥426.19
The Widow,¥240.09
"The Sleep Revolution: Transforming Your Life, One Night at a Time",¥102.87
The Improbability of Love,¥523.61
The Art of Startup Fundraising,¥184.96
Take Me Home Tonight (Rock Star Romance #3),¥475.43
Sleeping Giants (Themis Files #1),¥429.28
"Setting the World on Fire: The Brief, Astonishing Life of St. Catherine of Siena",¥186.28
Playing with Fire,¥120.75
Off the Hook (Fishing for Trouble #1),¥419.85
Mothering Sunday,¥117.49
"Mother, Can You Not?",¥148.76
M Train,¥239.39
Lilac Girls,¥152.19
Lies and Other Acts of Love,¥397.57
Lab Girl,¥359.79
Keep Me Posted,¥180.20
It Didn't Start with You: How Inherited Family Trauma Shapes Who We Are and How to End the Cycle,¥495.60
Grey (Fifty Shades #4),¥427.08
"Exit, Pursued by a Bear",¥452.18
Daredevils,¥143.91
Cravings: Recipes for What You Want to Eat,¥180.55
Born for This: How to Find the Work You Were Meant to Do,¥190.15
Arena,¥188.13
Adultery,¥183.90
A Mother's Reckoning: Living in the Aftermath of Tragedy,¥172.01
A Gentleman's Position (Society of Gentlemen #3),¥129.91
11/22/63,¥426.99
"10% Happier: How I Tamed the Voice in My Head, Reduced Stress Without Losing My Edge, and Found Self-Help That Actually Works",¥216.40
10-Day Green Smoothie Cleanse: Lose Up to 15 Pounds in 10 Days!,¥437.82
Without Shame,¥425.14
Watchmen,¥511.28
Unlimited Intuition Now,¥518.50
Underlying Notes,¥104.10
The Shack,¥246.87
The New Brand You: Your New Image Makes the Sale for You,¥387.97
"The Moosewood Cookbook: Recipes from Moosewood Restaurant, Ithaca, New York",¥108.68
The Flowers Lied,¥146.91
"The Fabric of the Cosmos: Space, Time, and the Texture of Reality",¥492.43
The Book of Mormon,¥216.40
The Art and Science of Low Carbohydrate Living,¥466.62
The Alien Club,¥479.13
Suzie Snowflake: One beautiful flake (a self-esteem story),¥482.74
Nap-a-Roo,¥220.89
"NaNo What Now? Finding your editing process, revising your NaNoWriMo book and building a writing career through publishing and beyond",¥91.69
Modern Day Fables,¥417.83
If I Gave You God's Phone Number....: Searching for Spirituality in America,¥184.16
"Fruits Basket, Vol. 9 (Fruits Basket #9)",¥299.01
Dress Your Family in Corduroy and Denim,¥384.71
Don't Forget Steven,¥292.67
Chernobyl 01:23:40: The Incredible True Story of the World's Worst Nuclear Disaster,¥316.37
Art and Fear: Observations on the Perils (and Rewards) of Artmaking,¥428.31
A Shard of Ice (The Black Symphony Saga #1),¥498.77
A Hero's Curse (The Unseen Chronicles #1),¥444.69
23 Degrees South: A Tropical Tale of Changing Whether...,¥315.22
"Zero to One: Notes on Startups, or How to Build the Future",¥299.98
Why Not Me?,¥156.42
When Breath Becomes Air,¥346.66
Vagabonding: An Uncommon Guide to the Art of Long-Term World Travel,¥325.35
The Unlikely Pilgrimage of Harold Fry (Harold Fry #1),¥384.18
The New Drawing on the Right Side of the Brain,¥378.90
"The Midnight Assassin: Panic, Scandal, and the Hunt for America's First Serial Killer",¥250.57
The Martian (The Martian #1),¥364.54
The High Mountains of Portugal,¥450.50
The Grownup,¥316.01
The E-Myth Revisited: Why Most Small Businesses Don't Work and What to Do About It,¥325.08
South of Sunshine,¥254.80
Smarter Faster Better: The Secrets of Being Productive in Life and Business,¥342.52
Silence in the Dark (Logan Point #4),¥513.74
Shadows of the Past (Logan Point #1),¥349.39
Roller Girl,¥124.19
Rising Strong,¥192.18
Proofs of God: Classical Arguments from Tertullian to Barth,¥477.45
Please Kill Me: The Uncensored Oral History of Punk,¥274.71
Out of Print: City Lights Spotlight No. 14,¥472.43
My Life Next Door (My Life Next Door ),¥320.50
Miller's Valley,¥515.59
Man's Search for Meaning,¥259.65
"Love That Boy: What Two Presidents, Eight Road Trips, and My Son Taught Me About a Parent's Expectations",¥220.72
Living Forward: A Proven Plan to Stop Drifting and Get the Life You Want,¥110.53
Les Fleurs du Mal,¥255.77
Left Behind (Left Behind #1),¥358.64
Kill 'Em and Leave: Searching for James Brown and the American Soul,¥396.78
Kierkegaard: A Christian Missionary to Christians,¥415.10
John Vassos: Industrial Design for Modern Life,¥178.09
I'll Give You the Sun,¥497.45
I Will Find You,¥389.38
Hystopia: A Novel,¥193.41
Howl and Other Poems,¥356.26
History of Beauty,¥90.63
Heaven is for Real: A Little Boy's Astounding Story of His Trip to Heaven and Back,¥465.56
Future Shock (Future Shock #1),¥490.14
Ender's Game (The Ender Quintet #1),¥384.36
Diary of a Citizen Scientist: Chasing Tiger Beetles and Other New Ways of Engaging the World,¥250.22
Death by Leisure: A Cautionary Tale,¥330.37
Brilliant Beacons: A History of the American Lighthouse,¥100.85
Brazen: The Courage to Find the You That's Been Hiding,¥169.28
Between the World and Me,¥501.23
Being Mortal: Medicine and What Matters in the End,¥484.94
"A Murder Over a Girl: Justice, Gender, Junior High",¥116.26
32 Yolks,¥472.35
"""Most Blessed of the Patriarchs"": Thomas Jefferson and the Empire of the Imagination",¥391.76
You Are a Badass: How to Stop Doubting Your Greatness and Start Living an Awesome Life,¥106.39
Wildlife of New York: A Five-Borough Coloring Book,¥195.00
What Happened on Beale Street (Secrets of the South Mysteries #2),¥223.45
Unreasonable Hope: Finding Faith in the God Who Brings Purpose to Your Pain,¥408.05
Under the Tuscan Sun,¥328.78
Toddlers Are A**holes: It's Not Your Fault,¥225.03
The Year of Living Biblically: One Man's Humble Quest to Follow the Bible as Literally as Possible,¥305.80
The Whale,¥316.72
The Story of Art,¥362.34
The Origin of Species,¥88.16
The Great Gatsby,¥317.51
The Good Girl,¥431.83
The Glass Castle,¥143.03
The Faith of Christopher Hitchens: The Restless Soul of the World's Most Notorious Atheist,¥348.34
The Drowning Girls,¥314.16
The Constant Princess (The Tudor Court #1),¥146.38
The Bourne Identity (Jason Bourne #1),¥376.78
The Bachelor Girl's Guide to Murder (Herringford and Watts Mysteries #1),¥460.63
The Art Book,¥284.83
The 7 Habits of Highly Effective People: Powerful Lessons in Personal Change,¥292.14
Team of Rivals: The Political Genius of Abraham Lincoln,¥177.21
Steal Like an Artist: 10 Things Nobody Told You About Being Creative,¥184.08
"Sit, Stay, Love",¥184.08
Sister Dear,¥354.06
"Shrunken Treasures: Literary Classics, Short, Sweet, and Silly",¥465.65
"Rich Dad, Poor Dad",¥455.70
Raymie Nightingale,¥303.07
Playing from the Heart,¥285.19
Nightstruck: A Novel,¥443.46
"Naturally Lean: 125 Nourishing Gluten-Free, Plant-Based Recipes--All Under 300 Calories",¥100.23
Meternity,¥383.83
Memoirs of a Geisha,¥437.47
Like Never Before (Walker Family #2),¥253.39
Life of Pi,¥116.44
Leave This Song Behind: Teen Poetry at Its Best,¥450.68
King's Folly (The Kinsman Chronicles #1),¥348.87
John Adams,¥505.81
How to Cook Everything Vegetarian: Simple Meatless Recipes for Great Food (How to Cook Everything),¥405.23
How to Be a Domestic Goddess: Baking and the Art of Comfort Cooking,¥248.81
Good in Bed (Cannie Shapiro #1),¥326.32
"Fruits Basket, Vol. 7 (Fruits Basket #7)",¥172.36
For the Love: Fighting for Grace in a World of Impossible Standards,¥397.48
Finding God in the Ruins: How God Redeems Pain,¥410.78
Every Heart a Doorway (Every Heart A Doorway #1),¥107.10
Delivering the Truth (Quaker Midwife Mystery #1),¥183.99
Counted With the Stars (Out from Egypt #1),¥158.27
"Chronicles, Vol. 1",¥463.27
Blue Like Jazz: Nonreligious Thoughts on Christian Spirituality,¥226.97
Benjamin Franklin: An American Life,¥424.43
"At The Existentialist Café: Freedom, Being, and apricot cocktails with: Jean-Paul Sartre, Simone de Beauvoir, Albert Camus, Martin Heidegger, Edmund Husserl, Karl Jaspers, Maurice Merleau-Ponty and others",¥263.61
A Summer In Europe,¥390.52
A Short History of Nearly Everything,¥461.51
A Gathering of Shadows (Shades of Magic #2),¥394.66
The Sound Of Love,¥509.43
The Rise and Fall of the Third Reich: A History of Nazi Germany,¥349.39
The Perks of Being a Wallflower,¥484.59
The Mysterious Affair at Styles (Hercule Poirot #1),¥218.43
The Man Who Mistook His Wife for a Hat and Other Clinical Tales,¥523.61
The Makings of a Fatherless Child,¥278.14
The Joy of Cooking,¥381.10
The Invention of Wings,¥328.87
The Hobbit (Middle-Earth Universe),¥156.77
The Great Railway Bazaar,¥268.98
The Golden Compass (His Dark Materials #1),¥165.32
The God Delusion,¥412.63
The Girl You Left Behind (The Girl You Left Behind #1),¥139.07
The Fellowship of the Ring (The Lord of the Rings #1),¥90.45
The Collected Poems of W.B. Yeats (The Collected Works of W.B. Yeats #1),¥135.81
The Barefoot Contessa Cookbook,¥527.75
Tell the Wolves I'm Home,¥448.83
Ship Leaves Harbor: Essays on Travel by a Recovering Journeyman,¥269.51
Pride and Prejudice,¥169.72
Musicophilia: Tales of Music and the Brain,¥410.25
Mere Christianity,¥427.25
Me Before You (Me Before You #1),¥167.52
In the Woods (Dublin Murder Squad #1),¥338.03
In Cold Blood,¥440.20
How to Stop Worrying and Start Living,¥409.46
Give It Back,¥161.35
"Girl, Interrupted",¥371.15
Fun Home: A Family Tragicomic,¥498.42
"Fruits Basket, Vol. 6 (Fruits Basket #6)",¥184.61
Deception Point,¥355.12
"Death Note, Vol. 6: Give-and-Take (Death Note #6)",¥320.50
Catherine the Great: Portrait of a Woman,¥515.68
Better Homes and Gardens New Cook Book,¥348.87
An Unquiet Mind: A Memoir of Moods and Madness,¥187.60
A Year in Provence (Provence #1),¥500.97
World Without End (The Pillars of the Earth #2),¥290.38
"Will Grayson, Will Grayson (Will Grayson, Will Grayson)",¥416.68
Why Save the Bankers?: And Other Essays on Our Economic and Political Crisis,¥428.66
Where She Went (If I Stay #2),¥367.54
What If?: Serious Scientific Answers to Absurd Hypothetical Questions,¥472.79
Two Summers,¥128.94
This Is Your Brain on Music: The Science of a Human Obsession,¥338.21
The Secret Garden,¥132.82
The Raven King (The Raven Cycle #4),¥269.25
The Raven Boys (The Raven Cycle #1),¥508.55
The Power Greens Cookbook: 140 Delicious Superfood Recipes,¥97.32
The Metamorphosis,¥251.72
The Mathews Men: Seven Brothers and the War Against Hitler's U-boats,¥377.93
The Little Paris Bookshop,¥217.81
The Hiding Place,¥492.43
The Grand Design,¥121.19
The Firm,¥401.27
The Fault in Our Stars,¥415.89
The False Prince (The Ascendance Trilogy #1),¥493.22
The Expatriates,¥392.64
The Dream Thieves (The Raven Cycle #2),¥303.86
The Darkest Corners,¥99.79
The Crossover,¥341.47
The 5th Wave (The 5th Wave #1),¥104.19
Tell the Wind and Fire,¥400.83
Tell Me Three Things,¥368.24
Talking to Girls About Duran Duran: One Young Man's Quest for True Love and a Cooler Haircut,¥221.51
Siddhartha,¥301.39
Shiver (The Wolves of Mercy Falls #1),¥142.95
Remember Me?,¥101.11
Red Dragon (Hannibal Lecter #1),¥205.83
Peak: Secrets from the New Science of Expertise,¥143.39
My Mother Was Nuts,¥278.58
Mexican Today: New and Rediscovered Recipes for Contemporary Kitchens,¥219.39
Maybe Something Beautiful: How Art Transformed a Neighborhood,¥198.52
Lola and the Boy Next Door (Anna and the French Kiss #2),¥208.12
Logan Kade (Fallen Crest High #5.5),¥115.55
Last One Home (New Beginnings #1),¥528.27
Killing Floor (Jack Reacher #1),¥277.35
Kill the Boy Band,¥136.69
Isla and the Happily Ever After (Anna and the French Kiss #3),¥423.90
If I Stay (If I Stay #1),¥335.83
I Know Why the Caged Bird Sings (Maya Angelou's Autobiography #1),¥321.91
Harry Potter and the Deathly Hallows (Harry Potter #7),¥205.39
"Fruits Basket, Vol. 5 (Fruits Basket #5)",¥143.83
Foundation (Foundation (Publication Order) #1),¥285.54
Fool Me Once,¥149.38
Find Her (Detective D.D. Warren #8),¥197.02
Evicted: Poverty and Profit in the American City,¥372.29
Drama,¥340.85
Dracula the Un-Dead,¥313.81
Digital Fortress,¥510.83
"Death Note, Vol. 5: Whiteout (Death Note #5)",¥461.60
"Data, A Love Story: How I Gamed Online Dating to Meet My Match",¥284.92
Critique of Pure Reason,¥182.76
Booked,¥154.04
"Blue Lily, Lily Blue (The Raven Cycle #3)",¥300.60
Approval Junkie: Adventures in Caring Too Much,¥517.97
An Abundance of Katherines,¥88.07
America's War for the Greater Middle East: A Military History,¥451.12
Alight (The Generations Trilogy #2),¥516.03
A Girl's Guide to Moving On (New Beginnings #2),¥275.67
A Game of Thrones (A Song of Ice and Fire #1),¥408.84
A Feast for Crows (A Song of Ice and Fire #4),¥151.58
A Clash of Kings (A Song of Ice and Fire #2),¥95.03
Vogue Colors A to Z: A Fashion Coloring Book,¥461.07
The Shining (The Shining #1),¥245.55
The Pilgrim's Progress,¥442.66
The Perfect Play (Play by Play #1),¥528.36
The Passion of Dolssa,¥249.43
The Jazz of Physics: The Secret Link Between Music and the Structure of the Universe,¥340.94
The Hunger Games (The Hunger Games #1),¥262.90
The Hound of the Baskervilles (Sherlock Holmes #5),¥130.53
The Gunning of America: Business and the Making of American Gun Culture,¥148.05
The Geography of Bliss: One Grump's Search for the Happiest Places in the World,¥248.64
The Demonists (Demonist #1),¥458.96
"The Demon Prince of Momochi House, Vol. 4 (The Demon Prince of Momochi House #4)",¥245.55
The Bone Hunters (Lexy Vaughan & Steven Macaulay #2),¥525.90
The Beast (Black Dagger Brotherhood #14),¥405.85
Some Women,¥120.93
Shopaholic Ties the Knot (Shopaholic #3),¥426.19
Paper and Fire (The Great Library #2),¥435.53
Outlander (Outlander #1),¥173.24
"Orchestra of Exiles: The Story of Bronislaw Huberman, the Israel Philharmonic, and the One Thousand Jews He Saved from Nazi Horrors",¥108.86
No One Here Gets Out Alive,¥176.33
Night Shift (Night Shift #1-20),¥112.30
Needful Things,¥418.44
Mockingjay (The Hunger Games #3),¥180.03
Misery,¥306.41
Little Women (Little Women #1),¥247.23
It,¥220.28
Harry Potter and the Sorcerer's Stone (Harry Potter #1),¥122.42
Harry Potter and the Prisoner of Azkaban (Harry Potter #3),¥212.88
Harry Potter and the Order of the Phoenix (Harry Potter #5),¥278.58
Harry Potter and the Half-Blood Prince (Harry Potter #6),¥429.37
Harry Potter and the Chamber of Secrets (Harry Potter #2),¥129.82
Gone with the Wind,¥286.16
God Is Not Great: How Religion Poisons Everything,¥244.85
Girl With a Pearl Earring,¥235.78
"Fruits Basket, Vol. 4 (Fruits Basket #4)",¥444.25
Far From True (Promise Falls Trilogy #2),¥307.65
Dark Lover (Black Dagger Brotherhood #1),¥113.35
Confessions of a Shopaholic (Shopaholic #1),¥431.04
Changing the Game (Play by Play #2),¥117.84
Candide,¥516.38
Can You Keep a Secret?,¥193.24
Atlas Shrugged,¥234.10
Animal Farm,¥503.97
A Walk to Remember,¥497.01
A New Earth: Awakening to Your Life's Purpose,¥490.14
"A History of God: The 4,000-Year Quest of Judaism, Christianity, and Islam",¥243.26
'Salem's Lot,¥436.50
Zero History (Blue Ant #3),¥306.24
Wuthering Heights,¥156.16
World War Z: An Oral History of the Zombie War,¥192.00
Wild: From Lost to Found on the Pacific Crest Trail,¥405.32
"Where'd You Go, Bernadette",¥159.68
When You Are Engulfed in Flames,¥272.06
We the People: The Modern-Day Figures Who Have Reshaped and Affirmed the Founding Fathers' Vision of America,¥281.40
We Are All Completely Beside Ourselves,¥211.73
Walk the Edge (Thunder Road #2),¥285.01
Voyager (Outlander #3),¥185.57
Very Good Lives: The Fringe Benefits of Failure and the Importance of Imagination,¥446.19
Vegan Vegetarian Omnivore: Dinner for Everyone at the Table,¥120.31
"Unstuffed: Decluttering Your Home, Mind, and Soul",¥511.63
Under the Banner of Heaven: A Story of Violent Faith,¥264.22
Two Boys Kissing,¥288.36
Twilight (Twilight #1),¥369.30
Twenties Girl,¥376.96
"Trespassing Across America: One Man's Epic, Never-Done-Before (and Sort of Illegal) Hike Across the Heartland",¥471.29
Three-Martini Lunch,¥204.42
"Thinking, Fast and Slow",¥186.19
The Wild Robot,¥493.84
"The Wicked + The Divine, Vol. 3: Commercial Suicide (The Wicked + The Divine)",¥126.92
The Undomestic Goddess,¥402.94
The Travelers,¥138.89
The Tipping Point: How Little Things Can Make a Big Difference,¥88.25
The Thing About Jellyfish,¥429.54
The Stand,¥509.60
The Smitten Kitchen Cookbook,¥207.77
The Silkworm (Cormoran Strike #2),¥203.01
"The Sandman, Vol. 3: Dream Country (The Sandman (volumes) #3)",¥489.26
The Rose & the Dagger (The Wrath and the Dawn #2),¥516.47
The Road to Little Dribbling: Adventures of an American in Britain (Notes From a Small Island #2),¥204.42
The Rise of Theodore Roosevelt (Theodore Roosevelt #1),¥374.94
The Restaurant at the End of the Universe (Hitchhiker's Guide to the Galaxy #2),¥96.18
The Rest Is Noise: Listening to the Twentieth Century,¥306.24
The Red Tent,¥314.08
The Purpose Driven Life: What on Earth Am I Here for?,¥327.55
The Purest Hook (Second Circle Tattoos #3),¥107.89
The Picture of Dorian Gray,¥261.58
The Paris Wife,¥324.12
The Obsession,¥400.12
The Nightingale,¥231.28
The New Guy (and Other Senior Year Distractions),¥395.63
The Nanny Diaries (Nanny #1),¥462.66
The Name of God is Mercy,¥328.08
The Maze Runner (The Maze Runner #1),¥184.34
The Lover's Dictionary,¥511.63
The Lonely Ones,¥383.92
The Lean Startup: How Today's Entrepreneurs Use Continuous Innovation to Create Radically Successful Businesses,¥298.75
The Last Painting of Sara de Vos,¥489.26
"The Land of 10,000 Madonnas",¥261.05
The Infinities,¥241.41
The Husband's Secret,¥462.48
The Hitchhiker's Guide to the Galaxy (Hitchhiker's Guide to the Galaxy #1),¥421.00
The Guns of August,¥128.06
The Guernsey Literary and Potato Peel Pie Society,¥436.24
The Goldfinch,¥383.83
The Giver (The Giver Quartet #1),¥108.33
The Girl with All the Gifts,¥435.71
The Girl Who Played with Fire (Millennium Trilogy #2),¥195.00
The Girl Who Kicked the Hornet's Nest (Millennium Trilogy #3),¥506.26
The Exiled,¥382.69
"The End of Faith: Religion, Terror, and the Future of Reason",¥194.91
"The Elegant Universe: Superstrings, Hidden Dimensions, and the Quest for the Ultimate Theory",¥114.76
"The Disappearing Spoon: And Other True Tales of Madness, Love, and the History of the World from the Periodic Table of the Elements",¥505.11
The Devil Wears Prada (The Devil Wears Prada #1),¥390.08
The Demon-Haunted World: Science as a Candle in the Dark,¥460.19
The Day the Crayons Came Home (Crayons),¥231.90
The Da Vinci Code (Robert Langdon #2),¥202.22
The Cuckoo's Calling (Cormoran Strike #1),¥169.19
The Complete Stories and Poems (The Works of Edgar Allan Poe [Cameo Edition]),¥235.86
The Complete Poems,¥363.93
The Catcher in the Rye,¥216.22
The Cat in the Hat (Beginner Books B-1),¥143.21
The Case for Christ (Cases for Christianity),¥421.35
The Book Thief,¥471.11
The Book of Basketball: The NBA According to The Sports Guy,¥394.93
The Blind Side: Evolution of a Game,¥473.05
The Autobiography of Malcolm X,¥206.36
"The Art of Simple Food: Notes, Lessons, and Recipes from a Delicious Revolution",¥302.27
The Art of Fielding,¥194.65
"Surely You're Joking, Mr. Feynman!: Adventures of a Curious Character",¥227.50
Stiff: The Curious Lives of Human Cadavers,¥323.59
Spilled Milk: Based on a True Story,¥436.06
Something Borrowed (Darcy & Rachel #1),¥431.22
Something Blue (Darcy & Rachel #2),¥481.07
Soldier (Talon #3),¥217.72
Shopaholic & Baby (Shopaholic #5),¥409.11
Seven Days in the Art World,¥460.90
Seven Brief Lessons on Physics,¥269.51
Scarlet (The Lunar Chronicles #2),¥128.33
Sarah's Key,¥407.70
"Saga, Volume 3 (Saga (Collected Editions) #3)",¥189.98
Running with Scissors,¥113.70
Rogue Lawyer (Rogue Lawyer #1),¥441.34
"Rise of the Rocket Girls: The Women Who Propelled Us, from Missiles to the Moon to Mars",¥367.01
Rework,¥395.28
Reservations for Two,¥97.76
Red: The True Story of Red Riding Hood,¥251.37
Ready Player One,¥167.96
Quiet: The Power of Introverts in a World That Can't Stop Talking,¥383.57
Prodigy: The Graphic Novel (Legend: The Graphic Novel #2),¥384.27
Persepolis: The Story of a Childhood (Persepolis #1-2),¥344.64
Packing for Mars: The Curious Science of Life in the Void,¥499.21
Outliers: The Story of Success,¥124.71
Original Fake,¥277.00
Orange Is the New Black,¥216.75
One for the Money (Stephanie Plum #1),¥289.50
Notes from a Small Island (Notes From a Small Island #1),¥353.80
Night (The Night Trilogy #1),¥118.99
Neither Here nor There: Travels in Europe,¥343.05
Naked,¥279.11
Morning Star (Red Rising #3),¥258.94
"Miracles from Heaven: A Little Girl, Her Journey to Heaven, and Her Amazing Story of Healing",¥509.34
Midnight Riot (Peter Grant/ Rivers of London - books #1),¥488.46
Me Talk Pretty One Day,¥507.31
Manuscript Found in Accra,¥308.09
Lust & Wonder,¥104.55
Lila (Gilead #3),¥109.83
"Life, the Universe and Everything (Hitchhiker's Guide to the Galaxy #3)",¥292.94
Life Without a Recipe,¥519.99
Life After Life,¥230.14
Letter to a Christian Nation,¥195.53
Let's Pretend This Never Happened: A Mostly True Memoir,¥397.31
Legend (Legend #1),¥384.80
"Lean In: Women, Work, and the Will to Lead",¥220.36
"Lamb: The Gospel According to Biff, Christ's Childhood Pal",¥488.82
Lady Renegades (Rebel Belle #3),¥467.15
Jurassic Park (Jurassic Park #1),¥396.07
It's Never Too Late to Begin Again: Discovering Creativity and Meaning at Midlife and Beyond,¥373.26
Is Everyone Hanging Out Without Me? (And Other Concerns),¥177.12
Into the Wild,¥499.39
Inferno (Robert Langdon #4),¥361.11
"In the Garden of Beasts: Love, Terror, and an American Family in Hitler's Berlin",¥254.10
If I Run (If I Run #1),¥440.11
I've Got Your Number,¥173.42
I Am Malala: The Girl Who Stood Up for Education and Was Shot by the Taliban,¥254.36
Hungry Girl Clean & Hungry: Easy All-Natural Recipes for Healthy Eating in the Real World,¥291.88
"House of Lost Worlds: Dinosaurs, Dynasties, and the Story of Life on Earth",¥384.89
House of Leaves,¥483.44
Horrible Bear!,¥330.46
Holidays on Ice,¥449.80
Heir to the Sky,¥388.15
Green Eggs and Ham (Beginner Books B-16),¥95.03
"Grayson, Vol 3: Nemesis (Grayson #3)",¥376.26
Gratitude,¥234.81
Gone Girl,¥331.16
Golden (Heart of Dread #3),¥371.76
Girl in the Blue Coat,¥412.46
"Fruits Basket, Vol. 3 (Fruits Basket #3)",¥397.83
"Friday Night Lights: A Town, a Team, and a Dream",¥451.12
Fire Bound (Sea Haven/Sisters of the Heart #5),¥187.42
Fifty Shades Freed (Fifty Shades #3),¥135.28
Fellside,¥340.15
Extreme Prey (Lucas Davenport #26),¥223.71
Eragon (The Inheritance Cycle #1),¥386.39
Eclipse (Twilight #3),¥165.05
Dune (Dune #1),¥483.18
Dracula,¥463.45
Do Androids Dream of Electric Sheep? (Blade Runner #1),¥453.41
Disrupted: My Misadventure in the Start-Up Bubble,¥134.58
Dead Wake: The Last Crossing of the Lusitania,¥345.61
"David and Goliath: Underdogs, Misfits, and the Art of Battling Giants",¥156.86
Darkfever (Fever #1),¥493.40
Dark Places,¥210.50
Crazy Rich Asians (Crazy Rich Asians #1),¥432.71
Counting Thyme,¥93.54
Cosmos,¥318.57
Civilization and Its Discontents,¥528.01
Cinder (The Lunar Chronicles #1),¥229.79
Catastrophic Happiness: Finding Joy in Childhood's Messy Years,¥328.96
Career of Evil (Cormoran Strike #3),¥217.72
Breaking Dawn (Twilight #4),¥310.73
Brave Enough,¥452.00
Boy Meets Boy,¥186.01
"Born to Run: A Hidden Tribe, Superathletes, and the Greatest Race the World Has Never Seen",¥240.89
Blink: The Power of Thinking Without Thinking,¥191.48
Black Flags: The Rise of ISIS,¥359.96
"Black Butler, Vol. 1 (Black Butler #1)",¥434.30
Big Little Lies,¥194.73
Between Shades of Gray,¥183.11
Best of My Love (Fool's Gold #20),¥241.41
Beowulf,¥337.77
Beautiful Creatures (Caster Chronicles #1),¥189.80
Awkward,¥334.86
Ash,¥194.29
Are We There Yet?,¥93.89
Are We Smart Enough to Know How Smart Animals Are?,¥498.33
Annie on My Mind,¥324.38
And Then There Were None,¥308.35
A Walk in the Woods: Rediscovering America on the Appalachian Trail,¥268.45
A Visit from the Goon Squad,¥124.01
A Storm of Swords (A Song of Ice and Fire #3),¥274.97
A Heartbreaking Work of Staggering Genius,¥478.16
8 Keys to Mental Health Through Exercise,¥273.38
#GIRLBOSS,¥448.83
"The Suffragettes (Little Black Classics, #96)",¥104.72
The Sense of an Ending,¥276.38
"The Sandman, Vol. 2: The Doll's House (The Sandman (volumes) #2)",¥482.74
The Course of Love,¥147.79
Sugar Rush (Offensive Line #2),¥215.08
"Saga, Volume 2 (Saga (Collected Editions) #2)",¥103.49
"Run, Spot, Run: The Ethics of Keeping Pets",¥176.33
New Moon (Twilight #2),¥113.26
Life,¥278.14
Kindle Paperwhite User's Guide,¥299.45
H is for Hawk,¥505.73
Girl Online On Tour (Girl Online #2),¥470.94
"Fruits Basket, Vol. 2 (Fruits Basket #2)",¥102.52
Diary of a Minecraft Zombie Book 1: A Scare of a Dare (An Unofficial Minecraft Book),¥465.74
"Y: The Last Man, Vol. 1: Unmanned (Y: The Last Man #1)",¥163.03
While You Were Mine,¥363.93
Where Lightning Strikes (Bleeding Stars #3),¥350.27
When I'm Gone,¥457.64
Ways of Seeing,¥347.98
"Vampire Knight, Vol. 1 (Vampire Knight #1)",¥135.64
Vampire Girl (Vampire Girl #1),¥474.02
Twenty Love Poems and a Song of Despair,¥272.59
Travels with Charley: In Search of America,¥509.25
Three Wishes (River of Time: California #1),¥389.12
This One Moment (Pushing Limits #1),¥429.01
The Zombie Room,¥173.42
"The Wicked + The Divine, Vol. 1: The Faust Act (The Wicked + The Divine)",¥321.65
The Tumor,¥366.04
The Story of Hong Gildong,¥380.40
The Silent Wife,¥108.68
The Silent Twin (Detective Jennifer Knight #3),¥319.27
The Selfish Gene,¥259.38
The Secret Healer,¥304.39
"The Sandman, Vol. 1: Preludes and Nocturnes (The Sandman (volumes) #1)",¥476.66
The Republic,¥297.52
The Odyssey,¥261.05
The No. 1 Ladies' Detective Agency (No. 1 Ladies' Detective Agency #1),¥508.19
The Nicomachean Ethics,¥320.06
The Name of the Wind (The Kingkiller Chronicle #1),¥445.57
The Mirror & the Maze (The Wrath and the Dawn #1.5),¥258.76
The Little Prince,¥400.04
The Light of the Fireflies,¥479.39
The Last Girl (The Dominion Trilogy #1),¥319.36
The Iliad,¥142.33
The Hook Up (Game On #1),¥319.62
The Haters,¥245.64
The Girl You Lost,¥108.24
The Girl In The Ice (DCI Erika Foster #1),¥139.60
The End of the Jesus Era (An Investigation #1),¥126.83
The Edge of Reason (Bridget Jones #2),¥168.93
The Complete Maus (Maus #1-2),¥93.71
The Communist Manifesto,¥130.00
The Bhagavad Gita,¥506.34
The Bette Davis Club,¥270.04
The Art of Not Breathing,¥359.61
Taking Shots (Assassins #1),¥166.29
Starlark,¥227.50
"Skip Beat!, Vol. 01 (Skip Beat! #1)",¥370.97
Sister Sable (The Mad Queen #1),¥117.40
Shatter Me (Shatter Me #1),¥373.44
Shameless,¥513.92
Shadow Rites (Jane Yellowrock #10),¥191.30
Settling the Score (The Summer Games #1),¥395.54
Sense and Sensibility,¥329.93
"Saga, Volume 1 (Saga (Collected Editions) #1)",¥250.84
"Rhythm, Chord & Malykhin",¥249.60
"Rat Queens, Vol. 1: Sass & Sorcery (Rat Queens (Collected Editions) #1-5)",¥413.60
Paradise Lost (Paradise #1),¥219.84
"Paper Girls, Vol. 1 (Paper Girls #1-5)",¥191.21
"Ouran High School Host Club, Vol. 1 (Ouran High School Host Club #1)",¥263.08
Origins (Alphas 0.5),¥255.33
One Second (Seven #7),¥466.27
On the Road (Duluoz Legend),¥285.01
Old Records Never Die: One Man's Quest for His Vinyl and His Past,¥490.23
Off Sides (Off #1),¥347.46
Of Mice and Men,¥414.92
Myriad (Prentor #1),¥517.44
My Perfect Mistake (Over the Top #1),¥342.79
"Ms. Marvel, Vol. 1: No Normal (Ms. Marvel (2014-2015) #1)",¥346.93
Meditations,¥228.03
Matilda,¥249.60
Lost Among the Living,¥243.97
Lord of the Flies,¥219.22
Listen to Me (Fusion #1),¥519.55
Kitchens of the Great Midwest,¥503.79
Jane Eyre,¥338.47
Imperfect Harmony,¥305.97
Icing (Aces Hockey #2),¥356.18
"Hawkeye, Vol. 1: My Life as a Weapon (Hawkeye #1)",¥398.45
Having the Barbarian's Baby (Ice Planet Barbarians #7.5),¥307.91
"Giant Days, Vol. 1 (Giant Days #1-4)",¥499.91
"Fruits Basket, Vol. 1 (Fruits Basket #1)",¥354.77
Frankenstein,¥334.68
Forever Rockers (The Rocker #12),¥253.66
Fighting Fate (Fighting #6),¥345.61
Emma,¥290.03
"Eat, Pray, Love",¥452.00
Deep Under (Walker Security #1),¥414.75
Choosing Our Religion: The Spiritual Lives of America's Nones,¥250.31
Charlie and the Chocolate Factory (Charlie Bucket #1),¥201.25
Charity's Cross (Charles Towne Belles #4),¥363.22
Bright Lines,¥344.11
Bridget Jones's Diary (Bridget Jones #1),¥262.64
Bounty (Colorado Mountain #7),¥328.17
Blood Defense (Samantha Brinkman #1),¥178.79
"Bleach, Vol. 1: Strawberry and the Soul Reapers (Bleach #1)",¥305.18
Beyond Good and Evil,¥382.07
Alice in Wonderland (Alice's Adventures in Wonderland #1),¥489.08
"Ajin: Demi-Human, Volume 1 (Ajin: Demi-Human #1)",¥502.56
A Spy's Devotion (The Regency Spies of London #1),¥149.46
1st to Die (Women's Murder Club #1),¥475.43
"1,000 Places to See Before You Die",¥229.70
